/*
SQLyog Ultimate v11.11 (32 bit)
MySQL - 5.0.51b-community-nt-log : Database - cservicio
*********************************************************************
*/

/*!40101 SET NAMES utf8 */;

/*!40101 SET SQL_MODE=''*/;

/*!40014 SET @OLD_UNIQUE_CHECKS=@@UNIQUE_CHECKS, UNIQUE_CHECKS=0 */;
/*!40014 SET @OLD_FOREIGN_KEY_CHECKS=@@FOREIGN_KEY_CHECKS, FOREIGN_KEY_CHECKS=0 */;
/*!40101 SET @OLD_SQL_MODE=@@SQL_MODE, SQL_MODE='NO_AUTO_VALUE_ON_ZERO' */;
/*!40111 SET @OLD_SQL_NOTES=@@SQL_NOTES, SQL_NOTES=0 */;
CREATE DATABASE /*!32312 IF NOT EXISTS*/`cservicio` /*!40100 DEFAULT CHARACTER SET utf8 */;

/*Table structure for table `adicionales` */

DROP TABLE IF EXISTS `adicionales`;

CREATE TABLE `adicionales` (
  `id` int(11) NOT NULL,
  `anio` int(11) default NULL,
  `campania` int(11) default NULL,
  `descripcion` varchar(100) default NULL,
  `creado_por` int(11) default NULL,
  `fecha_creado` datetime default NULL,
  `modificado_por` int(11) default NULL,
  `fecha_modificado` datetime default NULL,
  PRIMARY KEY  (`id`)
) ENGINE=InnoDB DEFAULT CHARSET=utf8;

/*Data for the table `adicionales` */

insert  into `adicionales`(`id`,`anio`,`campania`,`descripcion`,`creado_por`,`fecha_creado`,`modificado_por`,`fecha_modificado`) values (1,2015,1,'Closet',NULL,NULL,NULL,NULL),(2,2015,1,'Set de Vasos',NULL,NULL,NULL,NULL),(3,2015,1,'Black Touch',NULL,NULL,NULL,NULL),(4,2015,2,'Lab Uva',NULL,NULL,NULL,NULL),(5,2015,2,'Col. Mesmerize',NULL,NULL,NULL,NULL);

/*Table structure for table `adicionales_pilotos` */

DROP TABLE IF EXISTS `adicionales_pilotos`;

CREATE TABLE `adicionales_pilotos` (
  `id` int(11) NOT NULL auto_increment,
  `adicional_id` int(11) default NULL,
  `cuadre_piloto_id` int(11) default NULL,
  `cantidad` int(11) default NULL,
  `creado_por` int(11) default NULL,
  `fecha_creado` datetime default NULL,
  `modificado_por` int(11) default NULL,
  `fecha_modificado` datetime default NULL,
  PRIMARY KEY  (`id`)
) ENGINE=InnoDB AUTO_INCREMENT=61 DEFAULT CHARSET=utf8;

/*Data for the table `adicionales_pilotos` */

insert  into `adicionales_pilotos`(`id`,`adicional_id`,`cuadre_piloto_id`,`cantidad`,`creado_por`,`fecha_creado`,`modificado_por`,`fecha_modificado`) values (1,4,7,9,1,'2015-03-09 08:27:33',NULL,NULL),(2,4,8,9,1,'2015-03-09 08:27:56',NULL,NULL),(3,5,8,10,1,'2015-03-09 08:27:56',NULL,NULL),(4,1,9,5,1,'2015-03-10 01:17:46',NULL,NULL),(5,2,9,4,1,'2015-03-10 01:17:46',NULL,NULL),(6,3,9,3,1,'2015-03-10 01:17:46',NULL,NULL),(7,1,10,5,1,'2015-03-10 01:19:44',NULL,NULL),(13,4,12,25,1,'2015-03-10 07:25:24',NULL,NULL),(18,1,14,4,1,'2015-03-10 08:15:57',NULL,NULL),(19,2,14,5,1,'2015-03-10 08:15:57',NULL,NULL),(20,3,14,6,1,'2015-03-10 08:15:57',NULL,NULL),(21,4,15,23,1,'2015-03-10 14:55:47',NULL,NULL),(22,5,15,24,1,'2015-03-10 14:55:47',NULL,NULL),(23,1,16,4,1,'2015-03-10 15:00:03',NULL,NULL),(24,2,16,5,1,'2015-03-10 15:00:03',NULL,NULL),(25,3,16,7,1,'2015-03-10 15:00:03',NULL,NULL),(26,1,17,4,1,'2015-03-10 15:03:23',NULL,NULL),(27,2,17,25,1,'2015-03-10 15:03:23',NULL,NULL),(28,3,17,5,1,'2015-03-10 15:03:24',NULL,NULL),(29,4,18,4,1,'2015-03-10 15:31:44',NULL,NULL),(30,5,18,5,1,'2015-03-10 15:31:44',NULL,NULL),(31,5,19,5,1,'2015-03-10 15:35:56',NULL,NULL),(32,4,19,4,1,'2015-03-10 15:35:56',NULL,NULL),(33,4,20,0,1,'2015-03-10 17:54:38',NULL,NULL),(34,5,20,0,1,'2015-03-10 17:54:38',NULL,NULL),(35,4,21,5,1,'2015-03-10 22:00:36',NULL,NULL),(36,5,21,23,1,'2015-03-10 22:00:36',NULL,NULL),(37,4,22,5,1,'2015-03-10 22:03:43',NULL,NULL),(38,5,22,25,1,'2015-03-10 22:03:43',NULL,NULL),(39,1,23,24,1,'2015-03-10 22:04:34',NULL,NULL),(40,2,23,24,1,'2015-03-10 22:04:34',NULL,NULL),(41,3,23,25,1,'2015-03-10 22:04:35',NULL,NULL),(42,1,24,5,1,'2015-03-10 22:23:50',NULL,NULL),(43,2,24,4,1,'2015-03-10 22:23:50',NULL,NULL),(44,3,24,3,1,'2015-03-10 22:23:50',NULL,NULL),(45,1,0,4,1,'2015-03-10 23:35:22',NULL,NULL),(46,2,0,5,1,'2015-03-10 23:35:22',NULL,NULL),(47,3,0,6,1,'2015-03-10 23:35:22',NULL,NULL),(48,1,27,5,1,'2015-03-10 23:35:48',NULL,NULL),(49,2,27,6,1,'2015-03-10 23:35:48',NULL,NULL),(50,3,27,4,1,'2015-03-10 23:35:48',NULL,NULL),(51,4,0,0,1,'2015-03-10 23:36:48',NULL,NULL),(52,5,0,0,1,'2015-03-10 23:36:48',NULL,NULL),(53,4,0,23,1,'2015-03-11 00:17:59',NULL,NULL),(54,5,0,23,1,'2015-03-11 00:17:59',NULL,NULL),(55,4,28,4,1,'2015-03-11 00:18:39',NULL,NULL),(56,5,28,5,1,'2015-03-11 00:18:39',NULL,NULL),(57,4,0,4,1,'2015-03-12 07:57:24',NULL,NULL),(58,5,0,6,1,'2015-03-12 07:57:24',NULL,NULL),(59,4,29,4,1,'2015-03-12 07:57:59',NULL,NULL),(60,5,29,4,1,'2015-03-12 07:57:59',NULL,NULL);

/*Table structure for table `agencias` */

DROP TABLE IF EXISTS `agencias`;

CREATE TABLE `agencias` (
  `id` int(11) NOT NULL auto_increment,
  `descripcion` varchar(50) default NULL,
  `creado_por` int(11) default NULL,
  `fecha_creado` datetime default NULL,
  `modificado_por` int(11) default NULL,
  `fecha_modificado` datetime default NULL,
  PRIMARY KEY  (`id`)
) ENGINE=MyISAM AUTO_INCREMENT=3 DEFAULT CHARSET=utf8;

/*Data for the table `agencias` */

insert  into `agencias`(`id`,`descripcion`,`creado_por`,`fecha_creado`,`modificado_por`,`fecha_modificado`) values (1,'COMTEC',NULL,NULL,NULL,NULL),(2,'DHL',NULL,NULL,NULL,NULL);

/*Table structure for table `bancos` */

DROP TABLE IF EXISTS `bancos`;

CREATE TABLE `bancos` (
  `id` int(11) NOT NULL auto_increment,
  `descripcion` varchar(100) default NULL,
  `creado_por` int(11) default NULL,
  `fecha_creado` datetime default NULL,
  `modificado_por` int(11) default NULL,
  `fecha_modificado` datetime default NULL,
  PRIMARY KEY  (`id`)
) ENGINE=MyISAM AUTO_INCREMENT=28 DEFAULT CHARSET=utf8;

/*Data for the table `bancos` */

insert  into `bancos`(`id`,`descripcion`,`creado_por`,`fecha_creado`,`modificado_por`,`fecha_modificado`) values (1,'Fomento Agropecuarix',NULL,NULL,1,'2015-03-13 18:09:28'),(5,'Promerica',NULL,NULL,1,'2015-03-13 08:18:26'),(26,'Hipotecario',1,'2015-03-13 08:19:19',NULL,NULL),(24,'FEDECASES',1,'2015-03-13 08:18:49',NULL,NULL),(25,'TIGO MONEY',1,'2015-03-13 08:18:55',NULL,NULL),(21,'Agricola',1,'2015-03-13 08:18:32',NULL,NULL),(23,'SCOTIABANK',1,'2015-03-13 08:18:44',NULL,NULL),(22,'CITI',1,'2015-03-13 08:18:37',NULL,NULL);

/*Table structure for table `bodegaje_config` */

DROP TABLE IF EXISTS `bodegaje_config`;

CREATE TABLE `bodegaje_config` (
  `id` int(11) NOT NULL auto_increment,
  `dia` int(11) default NULL,
  `tipo_pedido` tinyint(2) default NULL,
  `cobro` double default NULL,
  `tipo_solicitud` tinyint(2) default NULL,
  `creado_por` int(11) default NULL,
  `fecha_creado` datetime default NULL,
  `modificado_por` int(11) default NULL,
  `fecha_modificado` datetime default NULL,
  PRIMARY KEY  (`id`)
) ENGINE=MyISAM AUTO_INCREMENT=33 DEFAULT CHARSET=utf8;

/*Data for the table `bodegaje_config` */

insert  into `bodegaje_config`(`id`,`dia`,`tipo_pedido`,`cobro`,`tipo_solicitud`,`creado_por`,`fecha_creado`,`modificado_por`,`fecha_modificado`) values (1,1,1,1,2,NULL,NULL,NULL,NULL),(2,2,1,1,2,NULL,NULL,NULL,NULL),(3,3,1,1,2,NULL,NULL,NULL,NULL),(4,4,1,2,2,NULL,NULL,NULL,NULL),(5,5,1,2,2,NULL,NULL,NULL,NULL),(6,6,1,2,2,NULL,NULL,NULL,NULL),(7,7,1,2,2,NULL,NULL,NULL,NULL),(8,8,1,2,2,NULL,NULL,NULL,NULL),(9,1,2,0,2,NULL,NULL,NULL,NULL),(10,2,2,0,2,NULL,NULL,NULL,NULL),(11,3,2,0,2,NULL,NULL,NULL,NULL),(12,4,2,2,2,NULL,NULL,NULL,NULL),(13,5,2,2,2,NULL,NULL,NULL,NULL),(14,6,2,2,2,NULL,NULL,NULL,NULL),(15,7,2,2,2,NULL,NULL,NULL,NULL),(16,8,2,2,2,NULL,NULL,NULL,NULL),(17,1,1,0,1,NULL,NULL,NULL,NULL),(18,2,1,1,1,NULL,NULL,NULL,NULL),(19,3,1,1,1,NULL,NULL,NULL,NULL),(20,4,1,2,1,NULL,NULL,NULL,NULL),(21,5,1,2,1,NULL,NULL,NULL,NULL),(22,6,1,2,1,NULL,NULL,NULL,NULL),(23,7,1,2,1,NULL,NULL,NULL,NULL),(24,8,1,2,1,NULL,NULL,NULL,NULL),(25,1,2,0,1,NULL,NULL,NULL,NULL),(26,2,2,0,1,NULL,NULL,NULL,NULL),(27,3,2,1,1,NULL,NULL,NULL,NULL),(28,4,2,2,1,NULL,NULL,NULL,NULL),(29,5,2,2,1,NULL,NULL,NULL,NULL),(30,6,2,2,1,NULL,NULL,NULL,NULL),(31,7,2,2,1,NULL,NULL,NULL,NULL),(32,8,2,2,1,NULL,NULL,NULL,NULL);

/*Table structure for table `boletas` */

DROP TABLE IF EXISTS `boletas`;

CREATE TABLE `boletas` (
  `id` int(11) NOT NULL auto_increment,
  `pedido_id` int(11) default NULL,
  `banco_id` int(11) default NULL,
  `referencia` varchar(50) default NULL,
  `monto` double default NULL,
  `fecha` date default NULL,
  `observaciones` varchar(250) default NULL,
  `creado_por` int(11) default NULL,
  `fecha_creado` datetime default NULL,
  `modificado_por` int(11) default NULL,
  `fecha_modificado` datetime default NULL,
  PRIMARY KEY  (`id`)
) ENGINE=MyISAM AUTO_INCREMENT=8 DEFAULT CHARSET=utf8;

/*Data for the table `boletas` */

insert  into `boletas`(`id`,`pedido_id`,`banco_id`,`referencia`,`monto`,`fecha`,`observaciones`,`creado_por`,`fecha_creado`,`modificado_por`,`fecha_modificado`) values (1,7,1,'ddd',44.25,'2015-03-13','dx',1,'2015-03-06 00:02:04',NULL,NULL),(3,7,5,'sdasd',22,'2015-03-05','asdasdasdasd',1,'2015-03-06 00:02:04',NULL,NULL),(7,31,1,'asdasdasd',24,'2015-03-19','asdasd',1,'2015-03-06 00:34:26',NULL,NULL);

/*Table structure for table `buzones` */

DROP TABLE IF EXISTS `buzones`;

CREATE TABLE `buzones` (
  `id` int(11) NOT NULL auto_increment,
  `descripcion` varchar(50) default NULL,
  `zona` int(11) default NULL,
  `creado_por` int(11) default NULL,
  `fecha_creado` datetime default NULL,
  `modificado_por` int(11) default NULL,
  `fecha_modificado` datetime default NULL,
  PRIMARY KEY  (`id`)
) ENGINE=MyISAM AUTO_INCREMENT=72 DEFAULT CHARSET=utf8;

/*Data for the table `buzones` */

insert  into `buzones`(`id`,`descripcion`,`zona`,`creado_por`,`fecha_creado`,`modificado_por`,`fecha_modificado`) values (1,'EL PUERTO',201,1,'2015-02-14 22:04:01',NULL,NULL),(2,'ZARAGOZA',201,1,'2015-02-14 22:04:01',NULL,NULL),(3,'SALA DE TE',204,1,'2015-02-14 22:04:01',NULL,NULL),(4,'NEJAPA',204,1,'2015-02-14 22:04:01',NULL,NULL),(5,'SAN VICENTE',205,1,'2015-02-14 22:04:01',NULL,NULL),(6,'SANTO DOMINGO',205,1,'2015-02-14 22:04:01',NULL,NULL),(7,'VERAPAZ',213,1,'2015-02-14 22:04:01',NULL,NULL),(8,'SAN SEBASTIAN',205,1,'2015-02-14 22:04:01',NULL,NULL),(9,'SALA DE BELLEZA',206,1,'2015-02-14 22:04:01',NULL,NULL),(10,'TIPICOS MARGOTH',206,1,'2015-02-14 22:04:01',NULL,NULL),(11,'VENTA ROPA',207,1,'2015-02-14 22:04:01',NULL,NULL),(12,'SAN MARTIN',227,1,'2015-02-14 22:04:01',NULL,NULL),(13,'SANTA ANA',238,1,'2015-02-14 22:04:01',NULL,NULL),(14,'SAN MIGUEL',235,1,'2015-02-14 22:04:01',NULL,NULL),(15,'USULUTAN',211,1,'2015-02-14 22:04:01',NULL,NULL),(16,'LA UNION',212,1,'2015-02-14 22:04:01',NULL,NULL),(17,'SAN MIGUEL',235,1,'2015-02-14 22:04:01',NULL,NULL),(18,'SAN MARCOS',215,1,'2015-02-14 22:04:01',NULL,NULL),(19,'TEXACUANGO',215,1,'2015-02-14 22:04:01',NULL,NULL),(20,'TRANSITO',216,1,'2015-02-14 22:04:01',NULL,NULL),(21,'SAN MIGUEL',235,1,'2015-02-14 22:04:01',NULL,NULL),(22,'LOURDES',217,1,'2015-02-14 22:04:01',NULL,NULL),(23,'SANTA TECLA',217,1,'2015-02-14 22:04:01',NULL,NULL),(24,'SANTA ANA',238,1,'2015-02-14 22:04:01',NULL,NULL),(25,'METAPAN',218,1,'2015-02-14 22:04:01',NULL,NULL),(26,'LA PALMA',220,1,'2015-02-14 22:04:01',NULL,NULL),(27,'CHALATENANGO',220,1,'2015-02-14 22:04:01',NULL,NULL),(28,'TEJUTLA',220,1,'2015-02-14 22:04:01',NULL,NULL),(29,'AHUCHAPAN',221,1,'2015-02-14 22:04:01',NULL,NULL),(30,'ATIQUIZAYA',221,1,'2015-02-14 22:04:01',NULL,NULL),(31,'SAN ROBERTO',235,1,'2015-02-14 22:04:01',NULL,NULL),(32,'CASA GERENTE',210,1,'2015-02-14 22:04:01',NULL,NULL),(33,'ILOBASCO',223,1,'2015-02-14 22:04:01',NULL,NULL),(34,'SENSUNTE',223,1,'2015-02-14 22:04:01',NULL,NULL),(35,'SAN MARTIN',227,1,'2015-02-14 22:04:01',NULL,NULL),(36,'GUAZAPA',228,1,'2015-02-14 22:04:01',NULL,NULL),(37,'AGUILARES',228,1,'2015-02-14 22:04:01',NULL,NULL),(38,'AMAYO',228,1,'2015-02-14 22:04:01',NULL,NULL),(39,'NUEVA CONCEPCION',228,1,'2015-02-14 22:04:01',NULL,NULL),(40,'QUEZALTE',229,1,'2015-02-14 22:04:01',NULL,NULL),(41,'OPICO',229,1,'2015-02-14 22:04:01',NULL,NULL),(42,'SAN LUIS TALPA',215,1,'2015-02-14 22:04:01',NULL,NULL),(43,'ROSARIO',230,1,'2015-02-14 22:04:01',NULL,NULL),(44,'HERRADURA',230,1,'2015-02-14 22:04:01',NULL,NULL),(45,'SANTIGO NONUALCO',230,1,'2015-02-14 22:04:01',NULL,NULL),(46,'SAN RAFAEL',230,1,'2015-02-14 22:04:01',NULL,NULL),(47,'SAN MIGUEL',235,1,'2015-02-14 22:04:01',NULL,NULL),(48,'ARMENIA',232,1,'2015-02-14 22:04:01',NULL,NULL),(49,'ANGELICA',240,1,'2015-02-14 22:04:01',NULL,NULL),(50,'SANTA ANA',238,1,'2015-02-14 22:04:01',NULL,NULL),(51,'SANTA ROSA',235,1,'2015-02-14 22:04:01',NULL,NULL),(52,'ANGELICA',240,1,'2015-02-14 22:04:01',NULL,NULL),(53,'JUAYUA',236,1,'2015-02-14 22:04:01',NULL,NULL),(54,'ZACATE',237,1,'2015-02-14 22:04:01',NULL,NULL),(55,'CIUDAD REAL',238,1,'2015-02-14 22:04:01',NULL,NULL),(56,'CHALCHUAPA',238,1,'2015-02-14 22:04:01',NULL,NULL),(57,'SANTA ANA',238,1,'2015-02-14 22:04:01',NULL,NULL),(58,'SAN MIGUEL',235,1,'2015-02-14 22:04:01',NULL,NULL),(59,'ANGELICA',240,1,'2015-02-14 22:04:01',NULL,NULL),(60,'ALTAVISTA',234,1,'2015-02-14 22:04:01',NULL,NULL),(61,'OLOCUILTA',215,1,'2015-02-14 22:04:01',NULL,NULL),(62,'SAN LUIS TALPA',215,1,'2015-02-14 22:04:01',NULL,NULL),(63,'PEDREGAL',230,1,'2015-02-14 22:04:01',NULL,NULL),(64,'SAN MIGUEL',235,1,'2015-02-14 22:04:01',NULL,NULL),(65,'CASA GERENTE',210,1,'2015-02-14 22:04:01',NULL,NULL),(66,'SAN MIGUEL',235,1,'2015-02-14 22:04:01',NULL,NULL),(67,'SAN ALEJO',212,1,'2015-02-14 22:04:01',NULL,NULL),(68,'SANTO TOMAS',215,1,'2015-02-14 22:04:01',NULL,NULL),(69,'SAN ROBERTO',235,1,'2015-02-14 22:04:01',NULL,NULL),(70,'CASA GERENTE',210,1,'2015-02-14 22:04:01',NULL,NULL),(71,'TONACA',228,1,'2015-02-14 22:04:01',NULL,NULL);

/*Table structure for table `ci_cookies` */

DROP TABLE IF EXISTS `ci_cookies`;

CREATE TABLE `ci_cookies` (
  `id` int(11) NOT NULL auto_increment,
  `cookie_id` varchar(255) default NULL,
  `netid` varchar(255) default NULL,
  `ip_address` varchar(255) default NULL,
  `user_agent` varchar(255) default NULL,
  `orig_page_requested` varchar(120) default NULL,
  `php_session_id` varchar(40) default NULL,
  `created_at` datetime default NULL,
  `updated_at` datetime default NULL,
  PRIMARY KEY  (`id`)
) ENGINE=InnoDB DEFAULT CHARSET=latin1;

/*Data for the table `ci_cookies` */

/*Table structure for table `ci_sessions` */

DROP TABLE IF EXISTS `ci_sessions`;

CREATE TABLE `ci_sessions` (
  `session_id` varchar(40) NOT NULL default '0',
  `ip_address` varchar(45) NOT NULL default '0',
  `user_agent` varchar(120) NOT NULL,
  `last_activity` int(10) unsigned NOT NULL default '0',
  `user_data` text NOT NULL,
  PRIMARY KEY  (`session_id`),
  KEY `last_activity_idx` (`last_activity`)
) ENGINE=MyISAM DEFAULT CHARSET=latin1;

/*Data for the table `ci_sessions` */

insert  into `ci_sessions`(`session_id`,`ip_address`,`user_agent`,`last_activity`,`user_data`) values ('8d8389b0523562301558a0a8a74e2e1d','127.0.0.1','Mozilla/5.0 (Windows NT 6.3; WOW64) AppleWebKit/537.36 (KHTML, like Gecko) Chrome/41.0.2272.89 Safari/537.36',1426288140,'a:6:{s:9:\"user_data\";s:0:\"\";s:7:\"usuario\";s:14:\"Mario Valencia\";s:10:\"usuario_id\";s:1:\"1\";s:3:\"rol\";s:5:\"admin\";s:6:\"imagen\";s:34:\"images/perfiles/mario.valencia.jpg\";s:12:\"is_logged_in\";b:1;}');

/*Table structure for table `consejeras` */

DROP TABLE IF EXISTS `consejeras`;

CREATE TABLE `consejeras` (
  `id` int(11) NOT NULL auto_increment,
  `codigo` int(11) NOT NULL,
  `zona` int(11) NOT NULL,
  `sector` tinyint(4) NOT NULL,
  `nombres` varchar(100) NOT NULL,
  `direccion` varchar(250) NOT NULL,
  `telefono_1` varchar(50) default NULL,
  `telefono_2` varchar(50) default NULL,
  `los` int(11) NOT NULL,
  `creado_por` int(11) default NULL,
  `fecha_creado` datetime default NULL,
  `modificado_por` int(11) default NULL,
  `fecha_modificado` datetime default NULL,
  PRIMARY KEY  (`id`)
) ENGINE=MyISAM AUTO_INCREMENT=84 DEFAULT CHARSET=utf8;

/*Data for the table `consejeras` */

insert  into `consejeras`(`id`,`codigo`,`zona`,`sector`,`nombres`,`direccion`,`telefono_1`,`telefono_2`,`los`,`creado_por`,`fecha_creado`,`modificado_por`,`fecha_modificado`) values (1,326085,201,1,'GLADIS ESTER SARAVIA SANCHEZ','CARRETERA ACAJUTLA STA EMILIA LA QUEBRADONA SONSONATE','73872520','74023331',9,1,'2015-03-12 01:42:01',NULL,NULL),(2,442859,201,1,'MARIA PAULINA LEMUS  VDA DE COLINDRES','LAS TABLAS CRIO LAS BARRANCAS ADELANTE DE IGLE ADVENTISTA TABLAS 3 SONSONATE **','71029772','71029772',42,1,'2015-03-12 01:42:01',NULL,NULL),(3,521871,201,1,'NATALY CAROLINA VEGA ALVARENGA','LOTF SAN LUIS CAMPANA COL LAS BRISAS A TERCER PASAJE DESPUES DE LA ENTRADAA MANO DERECHA SONSONATE CANTON STA EMI','78955832','',5,1,'2015-03-12 01:42:01',NULL,NULL),(4,525452,201,2,'JOSE MAURICIO ROJAS','MEGA PLAZA BO VERACRUZ 8CL PTE 2AV SUR EDIFICIO B VENTA DE FRUTAS Y VERDURAS PUESTO 100 DESPUES DE CONS. HORTENCIA','71301179','',3,1,'2015-03-12 01:42:01',NULL,NULL),(5,518800,201,2,'ROSALBA  RIVERA CORTES','CTON. EL NISPERO CSRIO. METAYO ADELANTEBAHIA DORADA CAS ORILLA CALLE LAMINA JICALAPA LA LIBERTAD','77546982','',7,1,'2015-03-12 01:42:01',NULL,NULL),(6,508320,201,2,'ROSALINA  MARTINEZ DE NU¥EZ','LOTE LAS BRISAS DEL PACIFICO POL D LOTE19 COL SAN FCO 3 PJE CASA DE PORTON BEIGE TELA METALICA SONSONATE ACAJUTLA','70259765','',10,1,'2015-03-12 01:42:01',NULL,NULL),(7,518802,201,2,'VIDAL ANGEL TEJADA MENDOZA','CTON. EL NISPERO CSRIO. METAYO PARADA ELSIMAN POR UNAS PIEDAS DE COLORESJICALAPA LA LIBERTAD **','61107669','',7,1,'2015-03-12 01:42:01',NULL,NULL),(8,526744,201,2,'ZAIDA CAROLINA CORTEZ PORTILLO','CTON. MIZATA CALLE LITORAL CASA EN BORDOSUBIR GRADAS FTE. A LA REPARACIONDE LLANTAS TEOTEPEQUE LA LIBERTAD**','74402037','',2,1,'2015-03-12 01:42:01',NULL,NULL),(9,381272,201,3,'BLANCA EMERITA RIVAS MOLINA','CTON TONALA KM 106 CASA A LA PAR DE TALLER CTGO ENTRADA A BARRA SIEGA SONSONATE','72268955','76012736',50,1,'2015-03-12 01:42:01',NULL,NULL),(10,492118,201,3,'NORMA ELIZABETH SANCHEZ ORELLANA','CTON MIRAVALLE COL SAN CRISTOBAL LA 2DACASA A MANO  DERECHA SONSONATE  ACAJUTLA  SAN CRISTOBAL SONSONATE **','71120445','',19,1,'2015-03-12 01:42:01',NULL,NULL),(11,1234,201,3,'PAULA  SALAMA PATRIZ','CARRETERA MIZATA CTON EL PRESIDIO FTE ALA ESCUELA DESPUES DE LAS RASTRASSONSONATE','76012736','71389432',173,1,'2015-03-12 01:42:01',NULL,NULL),(12,512881,201,3,'ROSA ELBA MARTINEZ MORALES','CTON. EL SUNZAL CARR. EL LITORAL KM. 90CSRIO. EL SUNSAL CASA ANT. DE RANCHO LOS CARLOS RANCHO TECANA CASA DE CONS','70186744','',8,1,'2015-03-12 01:42:01',NULL,NULL),(13,512935,201,4,'ANA GLADYS LEONOR FUNES','URB EL BALSAMAR 1 PJE 5 CASA 12-10 SONSONATE','73245695','',8,1,'2015-03-12 01:42:01',NULL,NULL),(14,526752,201,4,'CARLOS MAURICIO ESCOBAR CASCO','CTON. PLAN DE AMAYO CSRIO. LA CASONA CALUCO SONSONATE','77431037','',2,1,'2015-03-12 01:42:01',NULL,NULL),(15,417278,201,4,'ERIKA LISETH CENA HERNANDEZ','COL MONTECARMELO PJE N.3 EL ALMENDRO SONSONATE','77558001','72194199',59,1,'2015-03-12 01:42:01',NULL,NULL),(16,506948,201,4,'SUNDY MARLENE CUELLAR DE MORAN','2 AV SUR 4/5 AL OTE MESON AMOYA 1 BO. ELCENTRO DE SONZACATE SONSONATE','70196657','',10,1,'2015-03-12 01:42:01',NULL,NULL),(17,511568,201,5,'ANA ROSA MUNDO','COL LA ESPA¥OLA POL O CASA 3 EL GUAYABOCTGO DE CANCHA NAHUILINGO SONSONATE','62074740','78548039',7,1,'2015-03-12 01:42:01',NULL,NULL),(18,519959,201,5,'MARIA DEL CARMEN FIGUEROA GONZALEZ','COL EL CASTA¥O LOTE 29 A CASA ROSADA CTGO A IGLESIA FUENTE DEL CIELO NAHULINGO SONSONATE **','','',6,1,'2015-03-12 01:42:01',NULL,NULL),(19,523052,201,6,'CINDY CAROLINA CORTEZ CAMPOS','COL MONTE CARMELO BLOCK H CASA 4 SONZACATE SONSONATE','78371766','',4,1,'2015-03-12 01:42:01',NULL,NULL),(20,412975,201,6,'DORIS ESPERANZA ESCOBAR  DE SIGUANCHE','CTON TALCOMUNCA CRIO EL CENTRO POR IGLESIA CATOLICA CTGO DE TIENDA SONSONATE','72086224','72086224',51,1,'2015-03-12 01:42:01',NULL,NULL),(21,525385,201,6,'ELIZABET  TORRES VASQUEZ','BO VERACRUZ 6 CL OTE PJE ADELINA CASA 5-B SONSONATE','70099295','',3,1,'2015-03-12 01:42:01',NULL,NULL),(22,525400,201,6,'GUADALUPE DEL ROSARIO MENDOZA BONILLA','CARRET A LOS NARANJOS ENTRADA A COL MONTE CARMELO EN PORTON NEGRO SONZACATE SONSONATE','24274249','',3,1,'2015-03-12 01:42:01',NULL,NULL),(23,486097,201,6,'LINDA MARGARITA GODOY RUIZ','LOTF LA CHILENA CALLE PPAL BLOCK J LOTE9 SONZACATE SONSONATE','','77333323',21,1,'2015-03-12 01:42:01',NULL,NULL),(24,523054,201,6,'MARCELA MARGARITA CASTANEDA MORALES','URB SENSUNAPAN PJE 1 AL FINAL ZONA MARGINAL SONSONATE','76168919','',4,1,'2015-03-12 01:42:01',NULL,NULL),(25,450737,201,6,'MARGARITA DEL CARMEN AQUINO DE PE¥A','COLONIA LA PONDEROSA POLG 5 LOTE 8 CASADE ESQUINA','72735193','24156588',41,1,'2015-03-12 01:42:01',NULL,NULL),(26,523205,201,6,'MARIA SANTOS TINO','CTON EL ALMENDRO CRIO LA ESC. SONZACATEFTE A ESC. SONSONATE','71570349','',4,1,'2015-03-12 01:42:01',NULL,NULL),(27,526771,201,6,'MIRNA MARISOL LOPEZ VISCARRA','COL LA PONDEROSA 1 AV TEXAS  POL 5 CASA66 SONSONATE SONZACATE **','76140946','',2,1,'2015-03-12 01:42:01',NULL,NULL),(28,427648,201,6,'RONAL ELISA OCHOA  DE CERNA','COL LA PONDEROSA AV TERAS POL 1 CASA 36PJE B SONZACATE SONSONATE','78913607','',20,1,'2015-03-12 01:42:01',NULL,NULL),(29,399926,201,6,'ROSA ELENA RODRIGUEZ ARDON','LOTF LA CUMBRITA KM 94 1/2 PARADA SAN FRANCISCO SONSONATE','78437575','78437575',62,1,'2015-03-12 01:42:01',NULL,NULL),(30,518821,201,6,'RUFINA  HERNANDEZ','LOTIF LAS MARIAS LOTE N. 30 PJE 3 SONSONATE**','61277097','61562893',7,1,'2015-03-12 01:42:01',NULL,NULL),(31,508355,201,7,'JORGE VICENTE VASQUEZ SANDOVAL','A 1/2 CUADRA DE LA PARADA EL CARAO CALLEPPAL. CALUCO SONSONATE**','79541158','',8,1,'2015-03-12 01:42:01',NULL,NULL),(32,508346,201,7,'LISSETTE ABIGAIL QUILIZAPA GOMEZ','COL SANTA EMILIA PJE 1 CASA # 4 PUERTA VERDE SONSONATE**','74671305','',10,1,'2015-03-12 01:42:01',NULL,NULL),(33,502024,201,7,'MARLENE DE JESUS HERNANDEZ  DE CONTRERAS','CALLE AL ZAPOTE A 4 CASAS DE LA IGLESIANVA VISION DESPUES DE LA ENTRADA ACRIO LA CHACARA CALUCO SONSONATE','73828199','',12,1,'2015-03-12 01:42:01',NULL,NULL),(34,526719,201,7,'SARA ELIZABETH SERRANO MANCIA','COL. ANGELICA LOTIFICACIO EL PARAISO 22AV. SUR BLOCK \"C\" CASA # 4 SONSONATE**','72321113','',2,1,'2015-03-12 01:42:01',NULL,NULL),(35,511586,201,7,'VILMA ELIZABETH CRUZ','3a. AV. SUR CASA # 8 CALLE PPAL. 10a. CALLE PTE. # 8 PORTON VERDE SONSONATE**','24502517','71830001',7,1,'2015-03-12 01:42:01',NULL,NULL),(36,513016,201,7,'WALTER ALEXANDER FLORES PADILLA','COL EL PARAISO FINAL 22 AVE SUR BLOCK \"C\" CASA 13 SONSONATE','79983673','',8,1,'2015-03-12 01:42:01',NULL,NULL),(37,526728,201,7,'YANCY CAROLINA VASQUEZ FLORES','3a. AV. NTE. # 330 FTE. A LA ESCUELA CASA COLOR MELON SONSONATE**','71335928','',2,1,'2015-03-12 01:42:01',NULL,NULL),(38,512893,201,7,'ZULMA DEL CARMEN MIRANDA PORTILLO','CLL CRUZ GALANA CLL A LOTIF TURANIA SONSONATE IZALCO','73163699','',8,1,'2015-03-12 01:42:01',NULL,NULL),(39,526805,201,8,'JAQUELINE ROXANA MEJIA ESCOBAR','COL VILLA LILIAN 2 PJE EL PARAISO CASA 5MEDIA CDRA ABAJO DE COMUNAL SONSONATE','70815561','',2,1,'2015-03-12 01:42:01',NULL,NULL),(40,512859,201,8,'VILMA IRIS SOLTERO ESCOBAR','CTON. EL EDEN 1/2 CUADRA ANTES DE IGLESIA LA LUZ DEL MUNDO SONSONATE**','77947429','',7,1,'2015-03-12 01:42:01',NULL,NULL),(41,459125,201,9,'ALBERTINA  AQUINO SALGUERO','L CONCEPCION PARADA LUBRICENTRO UNA CDRAPARA ADENTRO CASA DE ESQUINA PORTON NEGRO FTE A TALLER CTON HUISCOYOLATE','71225111','',33,1,'2015-03-12 01:42:01',NULL,NULL),(42,442813,201,9,'JENNIFER ROCIO ASENCIO','COL SANTA EUGENIA PJE 17 BLOCK 8 CASA 15SONSONATE','76003870','76003870',40,1,'2015-03-12 01:42:01',NULL,NULL),(43,506942,201,9,'KARLA EMPERATRIZ NAVAS REINOSA','COL LANGDOVAR PJE ASUNCION CASA 110 SONSONATE','78111492','76292064',11,1,'2015-03-12 01:42:01',NULL,NULL),(44,528433,201,9,'MAGDALENA  QUINTEROS  DE LOPEZ','COL LA PONDEROSA POL 1 PJE 1 CASA 36 SONZACATE SONSONATE 1RA ETAPA','73647653','',1,1,'2015-03-12 01:42:01',NULL,NULL),(45,51708,201,9,'ORFILIA ROSA GUEVARA SANCHEZ','COM SAN MARCOS CASA 14 TAPALCHUCUT IZALCO SONSONATE','71442700','',126,1,'2015-03-12 01:42:01',NULL,NULL),(46,526726,201,11,'KEVIN MARLON GUIROLA HERRERA','URB. LAS DELICIAS LOTE # 5-G SONSONATE**','63104083','',2,1,'2015-03-12 01:42:01',NULL,NULL),(47,523098,201,11,'SONIA DINORA TOBAR RECINOS','2AV SUR POL M SENDA NAHUILINGO N.12 CD PALMERAS SONSONATE','77089948','',4,1,'2015-03-12 01:42:01',NULL,NULL),(48,501871,201,12,'JUANA DEL CARMEN CHAPETON GODINEZ','BO. MEJICANOS FINAL PSJE. SAN GERARDO #5 RIO JULUPE SONSONATE **','78208497','24074025',13,1,'2015-03-12 01:42:01',NULL,NULL),(49,470323,201,12,'MAXIMILIANO  CAMPOS','LOTF LAS BRISAS POL. 11 LOTE 16 LOMA DELMUERTO ABAJO DE CASA DE CONSJ MERCEDES DE MUNTO SONSONATE **','77597376','71016375',28,1,'2015-03-12 01:42:01',NULL,NULL),(50,436768,201,13,'MARGARITA VICTORIA GUERRERO  DE DELEON','BO SAN MIGUELITO FINAL 4 AV SUR SONZACATE CALLE AL RIO ANTES DEL PUENTE DESONZACATE SONSONATE','61083316','',49,1,'2015-03-12 01:42:01',NULL,NULL),(51,493003,201,13,'MARTA ARELY MARQUINA  DE VILLALTA','BO. SAN MIGUELITO 3a. AV. SUR ENTRE 4a.Y 5a. CALLE PTE. SONZACATE SONSONATE **','76291732','',15,1,'2015-03-12 01:42:01',NULL,NULL),(52,351033,201,13,'MARTA GABRIELA REYES MONTANO','COL EL MOJON 10 AV NTE FTE A PUPUSERIA OLOCUILTA S/N SONZACATE','24511941','77128619',86,1,'2015-03-12 01:42:01',NULL,NULL),(53,490124,201,13,'PATRICIA CAROLINA DIAZ RODAS','URB LOMAS DE SAN ANTONIO 2DA ETAPA SENDA1 OTE CASA 1 BLOCK 4 FTE A ENTRADA PORTON','77068545','',21,1,'2015-03-12 01:42:01',NULL,NULL),(54,526807,201,13,'PAULA MAGDALENA MONTERROSA ANGELES','COL BELEN 2 BLOCK A POL 5 LOTE 6 24 Y 26AV NORTE SONSONATE','79611173','',2,1,'2015-03-12 01:42:01',NULL,NULL),(55,513000,201,14,'ALBA AZUCENA ORELLANA CALDERON','CRIO STA CLARA CTON SANTA EMILIA SONSONATE PJE 3 LOTE 13 CTON LAS TABLAS','61261805','',8,1,'2015-03-12 01:42:01',NULL,NULL),(56,420180,201,14,'ALEIDA MARINA AREVALO DE MORALES','LOTIF ATAMACHA POL 4 LOTE 1 TECUMA IZALCO SONSONATE','77711708','77711708',36,1,'2015-03-12 01:42:01',NULL,NULL),(57,490287,201,14,'ANA GLORIA SANTOS','LOT. SAN FCO 9 AV SUR PJE 9 CASA 7 IZALCO SONSONATE **','71065936','74553346',21,1,'2015-03-12 01:42:01',NULL,NULL),(58,518812,201,14,'ANA LETICIA JACINTO MORENO','COL SAN JUDAS CALLE LOS LAURELES PJE 1 BLOCK 1 CASA 16 IZALCO SONSONATE','75692451','',7,1,'2015-03-12 01:42:01',NULL,NULL),(59,442825,201,14,'ARACELY DE LAS MERCEDES MORAN VIDES','COL. LAS PALMERAS PSJE.','77909522','',43,1,'2015-03-12 01:42:01',NULL,NULL),(60,523091,201,14,'CARMEN GRISELDA PERLERA BLANCO','BO SAN JUAN 10 CL PTE CASA 14 BO SAN JUAN IZALCO SONSONATE','24536836','',4,1,'2015-03-12 01:42:01',NULL,NULL),(61,484814,201,14,'CARMEN GUADALUPE FUNES ALVARADO','RESD STA TERESA POL 15 N.3 IZALCO SONSONATE','71665971','',17,1,'2015-03-12 01:42:01',NULL,NULL),(62,504540,201,14,'CONSUELO DE JESUS RAMOS HERNANDEZ','CALLEJON LA MICA LOT. JARDINDES IZALCO CRIO RAMOS HERNANDEZ LOTE 5 DONDE PILA SECA IZALCO SONSONATE **','77153763','',9,1,'2015-03-12 01:42:01',NULL,NULL),(63,512973,201,14,'DAYSI NOEMY MENJIVAR MORAN','RESD STA TERESA PJE EL TRANSITO POL 9 CASA 8 IZALCO SONSONATE','77489199','',8,1,'2015-03-12 01:42:01',NULL,NULL),(64,521867,201,14,'DORA ALICIA CHAVEZ  DE ALVAREZ','URB EL SAUCE PJE 3M CASA 7 SONZACATE RECIBE EN COMEDOR LUPITA IZALCO BLOCK24 CASA 9-A SONSONATE','71466082','',5,1,'2015-03-12 01:42:01',NULL,NULL),(65,5147,201,14,'EDITBURGA ISABEL PINEDA RIVERA','COL TURANIA CLL PPAL A CANGREJERA LOTE 10 IZALCO SONSONATE','75728806','74736444',104,1,'2015-03-12 01:42:01',NULL,NULL),(66,513012,201,14,'FRANCISCA CONCEPCION HERRERA RODRIGUEZ','CTON HUISCOYOLATE BLOCK A LOTE 11 PARCELACION IZALCO POR EX VIVERO SONSONATE','','',8,1,'2015-03-12 01:42:01',NULL,NULL),(67,460525,201,14,'ROSA ELENA TORRES GUTIERREZ','CTON CANGREJERA 1/2 CDRA ABAJO DE LA IGLESIA LIRIOS DE LOS BALLES SONSONATE IZALCO **','75782195','79932252',31,1,'2015-03-12 01:42:01',NULL,NULL),(68,504549,201,14,'SANDRA PATRICIA GRANADOS HERRERA','PJE 2 POL 11 CASA 5 RESD SANTA TERESA IZALCO FTE A ZONA VERDE CASA DE ESQUINA SONSONATE IZALCO','24327804','',6,1,'2015-03-12 01:42:01',NULL,NULL),(69,472421,201,14,'VERONICA ISABEL MATE HERNANDEZ','CALLE LA AGRONOMIA CTON HUISCOYOLATE IZALCO REFRESQUERIA VERONICA IZALCO SONSONATE','79963350','78285139',16,1,'2015-03-12 01:42:01',NULL,NULL),(70,519953,201,14,'VERONICA ROXANA VEGA CAMPOS','COL EL PORVENIR CLL LA MICA PJE 3 CASA 9IZALCO PJE EL CHORRO SONSONATE IZALCO','61399507','',6,1,'2015-03-12 01:42:01',NULL,NULL),(71,526756,201,14,'VILMA IDALIA GODINEZ MEZQUITA','COL MARIA INMACULADA POL 3 CASA 27 IZALCO SONSONATE','71775572','',2,1,'2015-03-12 01:42:01',NULL,NULL),(72,525394,201,14,'YURI LISETH VALENCIA ANAYA','CTN HUISCOYOLATE FTE A LA IGLESIA CRISTIANA APOSTOLES Y PROFETAS IZALCO SONSONATE','75372398','',3,1,'2015-03-12 01:42:01',NULL,NULL),(73,520029,201,15,'GLADIS CECILIA VASQUEZ','URB SENSUNAPAN 2 PJE 9 CASA 34-K SONSONATE','70116578','',6,1,'2015-03-12 01:42:01',NULL,NULL),(74,501880,201,16,'LEONORA BEATRIZ BARRIENTOS MARTINEZ','CTON LAS PIEDRAS ENTRADA EL COROZAL UNACDRA DESPUES DE LA CONSEJERA VIRGINIA DEL CARMEN A MANO IZQ. LA LIBERTAD T','78063054','',11,1,'2015-03-12 01:42:01',NULL,NULL),(75,338926,201,16,'MARIA CELIA CARIAS VILLALOBOS','CANTON COQUIAMA CASERIO COQUIAMA 4 CUADRAS DESPUES DE CANCHA CUISNAHUAT SONSONATE','78435588','74066332',93,1,'2015-03-12 01:42:01',NULL,NULL),(76,526745,201,16,'MARTA ARELY AYALA ORELLANA','CTON LAS PIEDRAS CRIO LINDA VISTA 1 CDRADESPUES DE IGLE APOSTOLES Y PROFETAS EVANGELICA STA ISABEL ISHUATAN SONSO','61568623','',2,1,'2015-03-12 01:42:01',NULL,NULL),(77,519956,201,17,'DELMA DE LOS ANGELES MARTINEZ QUEZADA','CTON CHIQUIHUAT CRIO RHODESIA DESPUES DEL MOLINO SONSONATE **','79678730','',6,1,'2015-03-12 01:42:01',NULL,NULL),(78,525404,201,17,'DIMAS EFRAIN ALVARADO CORONADO','CTON PIEDRA DE MOLER CRIO EL CARMEN FTEA ANTENA TELEFONICA EN TIENDA NI¥AANA','70337620','',3,1,'2015-03-12 01:42:01',NULL,NULL),(79,506905,201,17,'ENDY LIZZETTE HERNANDEZ PLACIDON','COL. REGALADO DESP. DEL PUENTE FTE. DE LA CUCHERA DEL 1er. CEMENTARIO A LADERECHA NAHUILZACO SONSONATE **','79514614','',11,1,'2015-03-12 01:42:01',NULL,NULL),(80,512934,201,17,'JHOSSELYN GABRIELA SENSENTE RUIZ','COL. LA PONDEROSA 4a. ETAPA PSJE. LAS TEJAS POLG. \"B\" CASA # 23 SONZACATESONSONATE**','70290276','',8,1,'2015-03-12 01:42:01',NULL,NULL),(81,464197,201,17,'MARITZA  BORJA ALFARO','CASERIO SANTA CRUZ TAZULATH ATRAS DE HACIENDA, EL CACAO SONSONATE','','79790020',18,1,'2015-03-12 01:42:01',NULL,NULL),(82,501870,201,17,'YEISY YESSENIA GRANADOS MORAN','COL SANTA GENOVEVA N.2 CASA 8 EN LA IGLESIA MARANATHA ANTES DE LA UNIDAD DE SALUD DE NAHUILINGO SONSONATE','70983181','',14,1,'2015-03-12 01:42:01',NULL,NULL),(83,408671,201,18,'MARIA ISABEL MENDOZA AREVALO','CTON SANTA EMILIA CRIO SANTA EMILIA ENTRADA EN CHALET FTE A LA ESC. SANTAEMILIA ACAJUTLA SONSONATE','74645988','73706103',51,1,'2015-03-12 01:42:01',NULL,NULL);

/*Table structure for table `cuadre_pilotos` */

DROP TABLE IF EXISTS `cuadre_pilotos`;

CREATE TABLE `cuadre_pilotos` (
  `id` int(11) NOT NULL auto_increment,
  `anio` int(11) default NULL,
  `campania` int(11) default NULL,
  `piloto` int(11) default NULL,
  `pedidos` int(11) default NULL,
  `cajas` int(11) default NULL,
  `zona` int(11) default NULL,
  `entrada` varchar(10) default NULL,
  `salida` varchar(10) default NULL,
  `agencia_id` int(11) default NULL,
  `fecha_cuadre` date default NULL,
  `observaciones` varchar(250) default NULL,
  `creado_por` int(11) default NULL,
  `fecha_creado` datetime default NULL,
  `modificado_por` int(11) default NULL,
  `fecha_modificado` varchar(45) default NULL,
  PRIMARY KEY  (`id`)
) ENGINE=InnoDB AUTO_INCREMENT=30 DEFAULT CHARSET=utf8;

/*Data for the table `cuadre_pilotos` */

insert  into `cuadre_pilotos`(`id`,`anio`,`campania`,`piloto`,`pedidos`,`cajas`,`zona`,`entrada`,`salida`,`agencia_id`,`fecha_cuadre`,`observaciones`,`creado_por`,`fecha_creado`,`modificado_por`,`fecha_modificado`) values (1,2015,1,1,5,5,204,'7:15 AM','7:15 AM',1,'2015-03-24','xd',1,'2015-03-09 08:07:52',NULL,NULL),(2,2015,1,1,5,5,207,'7:15 AM','7:15 AM',1,'2015-03-24','xd',1,'2015-03-09 08:08:17',NULL,NULL),(3,2015,1,1,5,5,207,'7:15 AM','7:15 AM',2,'2015-03-24','xd',1,'2015-03-09 08:08:37',NULL,NULL),(4,2015,1,2,5,5,207,'7:15 AM','7:15 AM',2,'2015-03-24','xd',1,'2015-03-09 08:08:43',NULL,NULL),(5,2015,1,5,5,5,207,'7:15 AM','7:15 AM',2,'2015-03-24','xd',1,'2015-03-09 08:08:46',NULL,NULL),(6,2015,1,5,5,5,207,'7:15 AM','7:15 AM',2,'2015-03-24','xd',1,'2015-03-09 08:15:31',NULL,NULL),(7,2015,2,3,4,5,209,'7:30 AM','7:30 AM',2,'2015-03-19','dddd',1,'2015-03-09 08:27:33',NULL,NULL),(13,2015,1,1,5,23,203,'6:30 AM','6:30 AM',1,'2015-03-04','acasdas',1,'2015-03-10 07:25:42',NULL,NULL),(18,2015,2,1,23,2,201,'2:45 PM','2:45 PM',1,'2015-03-11','23',1,'2015-03-10 15:31:44',NULL,NULL),(19,2015,2,2,2,4,202,'2:00 AM','2:30 PM',1,'2015-03-10','2323',1,'2015-03-10 15:35:56',NULL,NULL),(20,2015,2,9,2,4,209,'4:30 AM','7:15 AM',2,'2015-03-19','asdasdasd',1,'2015-03-10 17:54:38',NULL,NULL),(21,2015,2,10,4,2,209,'9:00 PM','9:00 PM',1,'2015-03-02','asd',1,'2015-03-10 22:00:36',NULL,NULL),(22,2015,2,19,4,5,209,'9:00 PM','9:00 PM',1,'2015-03-02','asd',1,'2015-03-10 22:03:43',NULL,NULL),(23,2015,1,18,42,42,209,'9:15 PM','9:15 PM',1,'2015-03-11','asdasd',1,'2015-03-10 22:04:34',NULL,NULL),(24,2015,1,2,2,3,202,'9:30 PM','9:30 PM',1,'2015-03-10','2321',1,'2015-03-10 22:23:50',NULL,NULL),(25,2015,1,2,42,42,209,'9:15 PM','9:15 PM',1,'2015-03-11','asdasd',0,'2015-03-10 22:59:42',NULL,NULL),(26,2015,1,7,42,42,209,'9:15 PM','9:15 PM',1,'2015-03-11','asdasd',0,'2015-03-10 23:34:36',NULL,NULL),(27,2015,1,9,2,4,209,'1:15 PM','10:45 PM',1,'2015-03-06','xdasdasd',1,'2015-03-10 23:35:48',NULL,NULL),(28,2015,2,2,4,5,209,'1:23 PM','1:15 AM',1,'2015-02-23','2323',1,'2015-03-11 00:18:39',NULL,NULL),(29,2015,2,2,4,4,201,'1:15 AM','7:00 AM',2,'2015-02-23','asdasd',1,'2015-03-12 07:57:59',NULL,NULL);

/*Table structure for table `detalle_rol` */

DROP TABLE IF EXISTS `detalle_rol`;

CREATE TABLE `detalle_rol` (
  `id` int(11) NOT NULL,
  `usuarios_id` int(11) default NULL,
  `id_rol` int(11) default NULL,
  `id_sistema` int(11) default NULL,
  PRIMARY KEY  (`id`),
  KEY `fk_detalle_rol_y_usuarios_idx` (`usuarios_id`),
  KEY `fk_detalle_rol_y_rol_idx` (`id_rol`),
  KEY `fk_detalle_rol_y_sistema_idx` (`id_sistema`)
) ENGINE=InnoDB DEFAULT CHARSET=utf8;

/*Data for the table `detalle_rol` */

insert  into `detalle_rol`(`id`,`usuarios_id`,`id_rol`,`id_sistema`) values (1,1,1,1);

/*Table structure for table `dias_laborales` */

DROP TABLE IF EXISTS `dias_laborales`;

CREATE TABLE `dias_laborales` (
  `id` int(11) NOT NULL auto_increment,
  `fecha` date default NULL,
  PRIMARY KEY  (`id`)
) ENGINE=InnoDB AUTO_INCREMENT=38 DEFAULT CHARSET=utf8;

/*Data for the table `dias_laborales` */

insert  into `dias_laborales`(`id`,`fecha`) values (1,'2015-02-02'),(2,'2015-02-03'),(3,'2015-02-04'),(4,'2015-02-05'),(8,'2015-02-09'),(9,'2015-02-10'),(10,'2015-02-11'),(11,'2015-02-12'),(12,'2015-02-13'),(15,'2015-02-16'),(16,'2015-02-17'),(17,'2015-02-18'),(18,'2015-02-19'),(22,'2015-02-23'),(23,'2015-02-24'),(24,'2015-02-25'),(25,'2015-02-26'),(29,'2015-03-02'),(30,'2015-02-06'),(31,'2015-02-27'),(32,'2015-02-20'),(36,'2015-02-21'),(37,'2015-02-28');

/*Table structure for table `pedidos` */

DROP TABLE IF EXISTS `pedidos`;

CREATE TABLE `pedidos` (
  `id` int(11) NOT NULL auto_increment,
  `codigo` int(11) NOT NULL,
  `anio` int(4) NOT NULL,
  `campania` tinyint(4) NOT NULL,
  `cod` double default NULL,
  `pod` double default '0',
  `comentarios` varchar(100) default NULL,
  `cajas` tinyint(4) default NULL,
  `fecha_ingreso` date NOT NULL COMMENT 'fecha con la que se guarda la informacion',
  `tipo_pedido` tinyint(2) default NULL COMMENT '1: normal, 2:tardio',
  `creado_por` int(11) default NULL,
  `fecha_creado` datetime default NULL,
  `modificado_por` int(11) default NULL,
  `fecha_modificado` datetime default NULL,
  `ncaja` tinyint(4) default NULL,
  `razon` varchar(50) default NULL,
  `estado` tinyint(4) NOT NULL default '1' COMMENT '1:activo, 2:En Solicitud, 3:Desmantelado',
  PRIMARY KEY  (`id`)
) ENGINE=MyISAM AUTO_INCREMENT=84 DEFAULT CHARSET=utf8;

/*Data for the table `pedidos` */

insert  into `pedidos`(`id`,`codigo`,`anio`,`campania`,`cod`,`pod`,`comentarios`,`cajas`,`fecha_ingreso`,`tipo_pedido`,`creado_por`,`fecha_creado`,`modificado_por`,`fecha_modificado`,`ncaja`,`razon`,`estado`) values (1,326085,2015,2,93.94,0,'',1,'2015-02-23',1,1,'2015-03-12 01:42:01',NULL,NULL,1,'NO TIENA DINERO',1),(2,442859,2015,2,160.18,0,'',1,'2015-02-23',1,1,'2015-03-12 01:42:01',NULL,NULL,2,'NO TIENA DINERO',1),(3,521871,2015,2,47.73,0,'',1,'2015-02-23',1,1,'2015-03-12 01:42:01',NULL,NULL,3,'NO DEJO BOLETA DE DEPOSITO',1),(4,525452,2015,2,82.11,0,'',1,'2015-02-23',1,1,'2015-03-12 01:42:01',NULL,NULL,4,'NO TIENA DINERO',1),(5,518800,2015,2,94.87,0,'1 CLOSET ARM',1,'2015-02-23',1,1,'2015-03-12 01:42:01',NULL,NULL,5,'RECOGE EN BODEGA',1),(6,508320,2015,2,61.48,0,'',1,'2015-02-23',1,1,'2015-03-12 01:42:01',NULL,NULL,6,'NO TIENA DINERO',1),(7,518802,2015,2,56.77,0,'',1,'2015-02-23',1,1,'2015-03-12 01:42:01',NULL,NULL,7,'REPARO AL SALDO',1),(8,526744,2015,2,55.75,0,'',1,'2015-02-23',1,1,'2015-03-12 01:42:01',NULL,NULL,8,'NO TIENA DINERO',1),(9,381272,2015,2,59.24,0,'',2,'2015-02-23',1,1,'2015-03-12 01:42:01',NULL,NULL,9,'NO VIVE ALLI',1),(10,492118,2015,2,45.16,0,'',1,'2015-02-23',1,1,'2015-03-12 01:42:01',NULL,NULL,10,'NO TIENA DINERO',1),(11,1234,2015,2,58.04,0,'2 CLOSET ARM',1,'2015-02-23',1,1,'2015-03-12 01:42:01',NULL,NULL,11,'RECOGE EN BODEGA',1),(12,512881,2015,2,72.28,0,'',1,'2015-02-23',1,1,'2015-03-12 01:42:01',NULL,NULL,12,'NO DEJO BOLETA DE DEPOSITO',1),(13,512935,2015,2,78.99,0,'',1,'2015-02-23',1,1,'2015-03-12 01:42:01',NULL,NULL,13,'RECOGE EN BODEGA',1),(14,526752,2015,2,78.56,0,'',1,'2015-02-23',1,1,'2015-03-12 01:42:01',NULL,NULL,14,'NO DEJO BOLETA DE DEPOSITO',1),(15,417278,2015,2,42.91,0,'',1,'2015-02-23',1,1,'2015-03-12 01:42:01',NULL,NULL,15,'NO DEJO BOLETA DE DEPOSITO',1),(16,506948,2015,2,77.93,0,'',1,'2015-02-23',1,1,'2015-03-12 01:42:01',NULL,NULL,16,'NADIE EN CASA',1),(17,511568,2015,2,107.32,0,'',1,'2015-02-23',1,1,'2015-03-12 01:42:01',NULL,NULL,17,'NO TIENA DINERO',1),(18,519959,2015,2,58.87,0,'',1,'2015-02-23',1,1,'2015-03-12 01:42:01',NULL,NULL,18,'NO TIENA DINERO',1),(19,523052,2015,2,47.89,0,'',1,'2015-02-23',1,1,'2015-03-12 01:42:01',NULL,NULL,19,'NO DEJO BOLETA DE DEPOSITO',1),(20,412975,2015,2,47.98,0,'',1,'2015-02-23',1,1,'2015-03-12 01:42:01',NULL,NULL,20,'NO TIENA DINERO',1),(21,525385,2015,2,46.92,0,'',1,'2015-02-23',1,1,'2015-03-12 01:42:01',NULL,NULL,21,'NO TIENA DINERO',1),(22,525400,2015,2,94.93,0,'',1,'2015-02-23',1,1,'2015-03-12 01:42:01',NULL,NULL,22,'NO DEJO BOLETA DE DEPOSITO',1),(23,486097,2015,2,83.26,0,'',1,'2015-02-23',1,1,'2015-03-12 01:42:01',NULL,NULL,23,'NO DEJO BOLETA DE DEPOSITO',1),(24,523054,2015,2,128.82,0,'1 CLOSET ARM',1,'2015-02-23',1,1,'2015-03-12 01:42:01',NULL,NULL,24,'OTROS',1),(25,450737,2015,2,46.38,0,'',1,'2015-02-23',1,1,'2015-03-12 01:42:01',NULL,NULL,25,'RECOGE EN BODEGA',1),(26,523205,2015,2,70.16,0,'1 CLOSET ARM',1,'2015-02-23',1,1,'2015-03-12 01:42:01',NULL,NULL,26,'RECOGE EN BODEGA',1),(27,526771,2015,2,130,0,'',1,'2015-02-23',1,1,'2015-03-12 01:42:01',NULL,NULL,27,'NO TIENA DINERO',1),(28,427648,2015,2,65.31,0,'',1,'2015-02-23',1,1,'2015-03-12 01:42:01',NULL,NULL,28,'RECOGE EN BODEGA',1),(29,399926,2015,2,63.02,0,'',1,'2015-02-23',1,1,'2015-03-12 01:42:01',NULL,NULL,29,'NO TIENA DINERO',1),(30,518821,2015,2,64.62,0,'',1,'2015-02-23',1,1,'2015-03-12 01:42:01',NULL,NULL,30,'RECOGE EN BODEGA',1),(31,508355,2015,2,98.69,0,'',1,'2015-02-23',1,1,'2015-03-12 01:42:01',NULL,NULL,31,'NO TIENA DINERO',1),(32,508346,2015,2,58.4,0,'',1,'2015-02-23',1,1,'2015-03-12 01:42:01',NULL,NULL,32,'RECOGE EN BODEGA',1),(33,502024,2015,2,55.94,0,'',1,'2015-02-23',1,1,'2015-03-12 01:42:01',NULL,NULL,33,'NO DEJO BOLETA DE DEPOSITO',1),(34,526719,2015,2,96.99,0,'',1,'2015-02-23',1,1,'2015-03-12 01:42:01',NULL,NULL,34,'NO DEJO BOLETA DE DEPOSITO',1),(35,511586,2015,2,44.24,0,'',1,'2015-02-23',1,1,'2015-03-12 01:42:01',NULL,NULL,35,'NO DEJO BOLETA DE DEPOSITO',1),(36,513016,2015,2,323.8,0,'',2,'2015-02-23',1,1,'2015-03-12 01:42:01',NULL,NULL,36,'NO DEJO BOLETA DE DEPOSITO',1),(37,526728,2015,2,80.77,0,'',1,'2015-02-23',1,1,'2015-03-12 01:42:01',NULL,NULL,37,'NO TIENA DINERO',1),(38,512893,2015,2,94.43,0,'',2,'2015-02-23',1,1,'2015-03-12 01:42:01',NULL,NULL,38,'NO TIENA DINERO',1),(39,526805,2015,2,92.73,0,'',1,'2015-02-23',1,1,'2015-03-12 01:42:01',NULL,NULL,39,'NO DEJO BOLETA DE DEPOSITO',1),(40,512859,2015,2,145.03,0,'',1,'2015-02-23',1,1,'2015-03-12 01:42:01',NULL,NULL,40,'NO TIENA DINERO',1),(41,459125,2015,2,47.44,0,'',1,'2015-02-23',1,1,'2015-03-12 01:42:01',NULL,NULL,41,'NO LE INTERESA RECIBIRLO',1),(42,442813,2015,2,46.11,0,'',1,'2015-02-23',1,1,'2015-03-12 01:42:01',NULL,NULL,42,'NO TIENA DINERO',1),(43,506942,2015,2,587.49,0,'',5,'2015-02-23',1,1,'2015-03-12 01:42:01',NULL,NULL,43,'RECOGE EN BODEGA',1),(44,528433,2015,2,0,0,'',1,'2015-02-23',1,1,'2015-03-12 01:42:01',NULL,NULL,44,'NADIE EN CASA',1),(45,51708,2015,2,152.95,0,'',2,'2015-02-23',1,1,'2015-03-12 01:42:01',NULL,NULL,45,'NO TIENA DINERO',1),(46,526726,2015,2,92.96,0,'',1,'2015-02-23',1,1,'2015-03-12 01:42:01',NULL,NULL,46,'NO TIENA DINERO',1),(47,523098,2015,2,31.72,0,'',1,'2015-02-23',1,1,'2015-03-12 01:42:01',NULL,NULL,47,'NO DEJO BOLETA DE DEPOSITO',1),(48,501871,2015,2,67.69,0,'',1,'2015-02-23',1,1,'2015-03-12 01:42:01',NULL,NULL,48,'NADIE EN CASA',1),(49,470323,2015,2,129.16,0,'',2,'2015-02-23',1,1,'2015-03-12 01:42:01',NULL,NULL,49,'NO TIENA DINERO',1),(50,436768,2015,2,56.23,0,'',1,'2015-02-23',1,1,'2015-03-12 01:42:01',NULL,NULL,50,'RECOGE EN BODEGA',1),(51,493003,2015,2,37.25,0,'',1,'2015-02-23',1,1,'2015-03-12 01:42:01',NULL,NULL,51,'NO TIENA DINERO',1),(52,351033,2015,2,69.48,0,'',2,'2015-02-23',1,1,'2015-03-12 01:42:01',NULL,NULL,52,'NO TIENA DINERO',1),(53,490124,2015,2,75.3,0,'',1,'2015-02-23',1,1,'2015-03-12 01:42:01',NULL,NULL,53,'RECOGE EN BODEGA',1),(54,526807,2015,2,112.04,0,'',2,'2015-02-23',1,1,'2015-03-12 01:42:01',NULL,NULL,54,'NO DEJO BOLETA DE DEPOSITO',1),(55,513000,2015,2,87.54,0,'',1,'2015-02-23',1,1,'2015-03-12 01:42:01',NULL,NULL,55,'NO TIENA DINERO',1),(56,420180,2015,2,47.67,0,'',1,'2015-02-23',1,1,'2015-03-12 01:42:01',NULL,NULL,56,'NO TIENA DINERO',1),(57,490287,2015,2,70.78,0,'',1,'2015-02-23',1,1,'2015-03-12 01:42:01',NULL,NULL,57,'NO TIENA DINERO',1),(58,518812,2015,2,35.37,0,'',1,'2015-02-23',1,1,'2015-03-12 01:42:01',NULL,NULL,58,'NO TIENA DINERO',1),(59,442825,2015,2,71.54,0,'',1,'2015-02-23',1,1,'2015-03-12 01:42:01',NULL,NULL,59,'NO TIENA DINERO',1),(60,523091,2015,2,130,0,'1 CLOSET ARM',1,'2015-02-23',1,1,'2015-03-12 01:42:01',NULL,NULL,60,'NO DEJO BOLETA DE DEPOSITO',1),(61,484814,2015,2,37.25,0,'',1,'2015-02-23',1,1,'2015-03-12 01:42:01',NULL,NULL,61,'NADIE EN CASA',1),(62,504540,2015,2,37.25,0,'',1,'2015-02-23',1,1,'2015-03-12 01:42:01',NULL,NULL,62,'NO TIENA DINERO',1),(63,512973,2015,2,114.55,0,'',1,'2015-02-23',1,1,'2015-03-12 01:42:01',NULL,NULL,63,'RECOGE EN BODEGA',1),(64,521867,2015,2,48.43,0,'',1,'2015-02-23',1,1,'2015-03-12 01:42:01',NULL,NULL,64,'RECOGE EN BODEGA',1),(65,5147,2015,2,410.53,0,'',1,'2015-02-23',1,1,'2015-03-12 01:42:01',NULL,NULL,65,'RECOGE EN BODEGA',1),(66,513012,2015,2,37.25,0,'',1,'2015-02-23',1,1,'2015-03-12 01:42:01',NULL,NULL,66,'NO TIENA DINERO',1),(67,460525,2015,2,48.4,0,'',1,'2015-02-23',1,1,'2015-03-12 01:42:01',NULL,NULL,67,'NO DEJO BOLETA DE DEPOSITO',1),(68,504549,2015,2,37.25,0,'',1,'2015-02-23',1,1,'2015-03-12 01:42:01',NULL,NULL,68,'NO TIENA DINERO',1),(69,472421,2015,2,83.42,0,'',1,'2015-02-23',1,1,'2015-03-12 01:42:01',NULL,NULL,69,'NO TIENA DINERO',1),(70,519953,2015,2,49.92,0,'',1,'2015-02-23',1,1,'2015-03-12 01:42:01',NULL,NULL,70,'NO TIENA DINERO',1),(71,526756,2015,2,66.1,0,'',1,'2015-02-23',1,1,'2015-03-12 01:42:01',NULL,NULL,71,'NO TIENA DINERO',1),(72,525394,2015,2,75.45,0,'',1,'2015-02-23',1,1,'2015-03-12 01:42:01',NULL,NULL,72,'NO TIENA DINERO',1),(73,520029,2015,2,49.74,0,'',1,'2015-02-23',1,1,'2015-03-12 01:42:01',NULL,NULL,73,'NO TIENA DINERO',1),(74,501880,2015,2,54.43,0,'',1,'2015-02-23',1,1,'2015-03-12 01:42:01',NULL,NULL,74,'NADIE EN CASA',1),(75,338926,2015,2,67.9,0,'1 CLOSET ARM',1,'2015-02-23',1,1,'2015-03-12 01:42:01',NULL,NULL,75,'NO TIENA DINERO',1),(76,526745,2015,2,63.98,0,'',1,'2015-02-23',1,1,'2015-03-12 01:42:01',NULL,NULL,76,'NO TIENA DINERO',1),(77,519956,2015,2,59.62,0,'',1,'2015-02-23',1,1,'2015-03-12 01:42:01',NULL,NULL,77,'NO TIENA DINERO',1),(78,525404,2015,2,54.94,0,'',1,'2015-02-23',1,1,'2015-03-12 01:42:01',NULL,NULL,78,'NO TIENA DINERO',1),(79,506905,2015,2,133.62,0,'',1,'2015-02-23',1,1,'2015-03-12 01:42:01',NULL,NULL,79,'NO TIENA DINERO',1),(80,512934,2015,2,65.14,0,'',1,'2015-02-23',1,1,'2015-03-12 01:42:01',NULL,NULL,80,'RECOGE EN BODEGA',1),(81,464197,2015,2,72.39,0,'',2,'2015-02-23',1,1,'2015-03-12 01:42:01',NULL,NULL,81,'NO TIENA DINERO',1),(82,501870,2015,2,101.28,0,'',1,'2015-02-23',1,1,'2015-03-12 01:42:01',NULL,NULL,82,'RECOGE EN BODEGA',1),(83,408671,2015,2,616.08,0,'',3,'2015-02-23',1,1,'2015-03-12 01:42:01',NULL,NULL,83,'RECOGE EN BODEGA',1);

/*Table structure for table `rol` */

DROP TABLE IF EXISTS `rol`;

CREATE TABLE `rol` (
  `id` int(11) NOT NULL,
  `detalle` varchar(50) default NULL,
  PRIMARY KEY  (`id`)
) ENGINE=InnoDB DEFAULT CHARSET=utf8;

/*Data for the table `rol` */

insert  into `rol`(`id`,`detalle`) values (1,'admin');

/*Table structure for table `sistema` */

DROP TABLE IF EXISTS `sistema`;

CREATE TABLE `sistema` (
  `id` int(11) NOT NULL,
  `sistema` varchar(50) NOT NULL,
  `descripcion` varchar(100) default NULL,
  PRIMARY KEY  (`id`)
) ENGINE=InnoDB DEFAULT CHARSET=utf8;

/*Data for the table `sistema` */

insert  into `sistema`(`id`,`sistema`,`descripcion`) values (1,'CS','Centro de Servicio');

/*Table structure for table `solicitudes` */

DROP TABLE IF EXISTS `solicitudes`;

CREATE TABLE `solicitudes` (
  `id` int(11) NOT NULL auto_increment,
  `pedido_id` int(11) default NULL,
  `solicitante` varchar(50) default NULL,
  `buzon_id` int(11) default NULL,
  `documento` varchar(50) default NULL,
  `autorizacion` double default NULL,
  `tipo_solicitud` int(11) default NULL COMMENT '1:consejera, 2:gerente, 3: buzones',
  `flete` double default NULL,
  `bodegaje` double default NULL,
  `exoneracion` tinyint(1) default NULL COMMENT 'Remover bodegaje',
  `estado` tinyint(1) default NULL COMMENT '1:pendiente, 2: enviado, 3: cancelado',
  `fecha_despachado` datetime default NULL,
  `creado_por` int(11) default NULL,
  `fecha_creado` datetime default NULL,
  `modificado_por` int(11) default NULL,
  `fecha_modificado` datetime default NULL,
  PRIMARY KEY  (`id`)
) ENGINE=MyISAM DEFAULT CHARSET=utf8;

/*Data for the table `solicitudes` */

/*Table structure for table `usuarios` */

DROP TABLE IF EXISTS `usuarios`;

CREATE TABLE `usuarios` (
  `id` int(11) NOT NULL,
  `usuario` varchar(50) default NULL,
  `password` varchar(50) default NULL,
  `imagen_url` varchar(250) default NULL,
  `descripcion` varchar(100) default NULL,
  PRIMARY KEY  (`id`)
) ENGINE=InnoDB DEFAULT CHARSET=utf8;

/*Data for the table `usuarios` */

insert  into `usuarios`(`id`,`usuario`,`password`,`imagen_url`,`descripcion`) values (1,'Mario','202cb962ac59075b964b07152d234b70','images/perfiles/mario.valencia.jpg','Mario Valencia');

/*Table structure for table `boletas_vista` */

DROP TABLE IF EXISTS `boletas_vista`;

/*!50001 DROP VIEW IF EXISTS `boletas_vista` */;
/*!50001 DROP TABLE IF EXISTS `boletas_vista` */;

/*!50001 CREATE TABLE  `boletas_vista`(
 `boleta_id` int(11) ,
 `codigo` int(11) ,
 `nombres` varchar(100) ,
 `cod` double ,
 `referencia` varchar(50) ,
 `monto` double ,
 `fecha` date ,
 `observaciones` varchar(250) ,
 `banco` varchar(100) ,
 `usuario` varchar(100) 
)*/;

/*Table structure for table `solicitudes_vista` */

DROP TABLE IF EXISTS `solicitudes_vista`;

/*!50001 DROP VIEW IF EXISTS `solicitudes_vista` */;
/*!50001 DROP TABLE IF EXISTS `solicitudes_vista` */;

/*!50001 CREATE TABLE  `solicitudes_vista`(
 `id` int(11) ,
 `codigo` int(11) ,
 `nombres` varchar(100) ,
 `zona` int(11) ,
 `ncaja` tinyint(4) ,
 `estado` varchar(10) ,
 `descripcion_solicitud` varchar(9) ,
 `tipo_solicitud` int(11) 
)*/;

/*View structure for view boletas_vista */

/*!50001 DROP TABLE IF EXISTS `boletas_vista` */;
/*!50001 DROP VIEW IF EXISTS `boletas_vista` */;

/*!50001 CREATE ALGORITHM=UNDEFINED DEFINER=`root`@`localhost` SQL SECURITY DEFINER VIEW `boletas_vista` AS (select `a`.`id` AS `boleta_id`,`c`.`codigo` AS `codigo`,`c`.`nombres` AS `nombres`,`b`.`cod` AS `cod`,`a`.`referencia` AS `referencia`,`a`.`monto` AS `monto`,`a`.`fecha` AS `fecha`,`a`.`observaciones` AS `observaciones`,`d`.`descripcion` AS `banco`,`e`.`descripcion` AS `usuario` from ((((`boletas` `a` join `pedidos` `b` on((`a`.`pedido_id` = `b`.`id`))) join `consejeras` `c` on((`c`.`codigo` = `b`.`codigo`))) join `bancos` `d` on((`d`.`id` = `a`.`banco_id`))) join `usuarios` `e` on((`e`.`id` = `a`.`creado_por`)))) */;

/*View structure for view solicitudes_vista */

/*!50001 DROP TABLE IF EXISTS `solicitudes_vista` */;
/*!50001 DROP VIEW IF EXISTS `solicitudes_vista` */;

/*!50001 CREATE ALGORITHM=UNDEFINED DEFINER=`root`@`localhost` SQL SECURITY DEFINER VIEW `solicitudes_vista` AS select `c`.`id` AS `id`,`a`.`codigo` AS `codigo`,`a`.`nombres` AS `nombres`,`a`.`zona` AS `zona`,`b`.`ncaja` AS `ncaja`,(case `c`.`estado` when 1 then _utf8'Pendiente' when 2 then _utf8'Despachado' when 3 then _utf8'Cancelado' end) AS `estado`,(case `c`.`tipo_solicitud` when 1 then _utf8'Consejera' when 2 then _utf8'Gerente' when 3 then _utf8'Buzon' end) AS `descripcion_solicitud`,`c`.`tipo_solicitud` AS `tipo_solicitud` from ((`consejeras` `a` join `pedidos` `b` on((`b`.`codigo` = `a`.`codigo`))) join `solicitudes` `c` on((`b`.`id` = `c`.`pedido_id`))) where (cast(`c`.`fecha_creado` as date) = curdate()) */;

/*!40101 SET SQL_MODE=@OLD_SQL_MODE */;
/*!40014 SET FOREIGN_KEY_CHECKS=@OLD_FOREIGN_KEY_CHECKS */;
/*!40014 SET UNIQUE_CHECKS=@OLD_UNIQUE_CHECKS */;
/*!40111 SET SQL_NOTES=@OLD_SQL_NOTES */;
